<beans xmlns="http://www.springframework.org/schema/beans"
	xmlns:amq="http://activemq.org/config/1.0"
	xmlns:xsi="http://www.w3.org/2001/XMLSchema-instance"
	xsi:schemaLocation="http://www.springframework.org/schema/beans http://www.springframework.org/schema/beans/spring-beans.xsd 
                        http://activemq.org/config/1.0 http://people.apache.org/repository/org.apache.activemq/xsds/activemq-core-4.1-SNAPSHOT.xsd">

	<bean id="jmsFactory"
		class="org.springframework.jndi.JndiObjectFactoryBean">
		<property name="jndiName" value="jms/topicConnectionFactory" />
	</bean>

	<bean id="myTopic"
		class="org.springframework.jndi.JndiObjectFactoryBean">
		<property name="jndiName" value="jms/MyTopic" />
	</bean>

	<bean id="jmst" class="org.springframework.jms.core.JmsTemplate">
		<property name="connectionFactory" ref="jmsFactory" />
		<property name="defaultDestination" ref="myTopic" />
	</bean>

	<!-- add your config here -->
</beans>

