<?xml version="1.0" encoding="UTF-8"?>
<beans xmlns="http://www.springframework.org/schema/beans"
	xmlns:p="http://www.springframework.org/schema/p"
	xmlns:xsi="http://www.w3.org/2001/XMLSchema-instance"
	xsi:schemaLocation="http://www.springframework.org/schema/beans 
	                    http://www.springframework.org/schema/beans/spring-beans-2.0.xsd 
	                    ">
	<bean id="dataSource"
		class="org.springframework.jdbc.datasource.DriverManagerDataSource"
		destroy-method="close">
		<property name="driverClassName" value="com.mysql.jdbc.Driver" />
		<property name="url"
			value="jdbc:mysql://localhost:3306/springdb" />
		<property name="username" value="root" />
		<property name="password" value="springframework" />
	</bean>

	<bean id="productDao" class="lab4.ex1.ProductDaoImpl">
		<property name="dataSource" ref="dataSource" />
		<property name="productRowMapper" ref="productRowMapper" />
	</bean>
	
	<bean id="productRowMapper" class="lab4.ex1.ProductRowMapper" />
	
	

</beans>
