<?xml version="1.0" encoding="UTF-8"?>
<beans xmlns="http://www.springframework.org/schema/beans"
	xmlns:xsi="http://www.w3.org/2001/XMLSchema-instance"
	xmlns:aop="http://www.springframework.org/schema/aop"
	xmlns:tx="http://www.springframework.org/schema/tx"
	xsi:schemaLocation="
       http://www.springframework.org/schema/beans http://www.springframework.org/schema/beans/spring-beans-2.0.xsd
       http://www.springframework.org/schema/tx http://www.springframework.org/schema/tx/spring-tx-2.0.xsd
       http://www.springframework.org/schema/aop http://www.springframework.org/schema/aop/spring-aop-2.0.xsd">

	<tx:annotation-driven transaction-manager="txManager" />

	<bean id="txManager"
		class="org.springframework.orm.hibernate3.HibernateTransactionManager">
		<property name="sessionFactory" ref="sessionFactory" />
	</bean>

	<bean id="dataSource"
		class="org.apache.commons.dbcp.BasicDataSource"
		destroy-method="close">
		<property name="driverClassName" value="com.mysql.jdbc.Driver" />
		<property name="url"
			value="jdbc:mysql://localhost:3306/jpetstore?useUnicode=true" />
		<property name="username" value="root" />
		<property name="password" value="ntutest" />
	</bean>

	<bean id="sessionFactory"
		class="org.springframework.orm.hibernate3.annotation.AnnotationSessionFactoryBean">
		<property name="dataSource" ref="dataSource" />
		<property name="annotatedClasses">
			<list>
				<value>jpetstore.domain.Product</value>
				<value>jpetstore.domain.Account</value>
				<value>jpetstore.domain.Banner</value>
				<value>jpetstore.domain.Category</value>
				<value>jpetstore.domain.Item</value>
				<value>jpetstore.domain.Order</value>
				<value>jpetstore.domain.LineItem</value>
				<value>jpetstore.domain.OrderStatus</value>
				<value>jpetstore.domain.Inventory</value>
				<value>jpetstore.domain.UserProfile</value>
				<value>jpetstore.domain.UserSignon</value>
			</list>
		</property>
		<property name="hibernateProperties">
			<value>
				hibernate.dialect=org.hibernate.dialect.MySQLDialect
				hibernate.show_sql=false
			</value>
		</property>
	</bean>

	<bean id="productDao"
		class="jpetstore.dao.hibernate.ProductDaoHibernateImpl">
		<property name="sessionFactory" ref="sessionFactory" />
	</bean>

	<bean id="accountDao"
		class="jpetstore.dao.hibernate.AccountDaoHibernateImpl">
		<property name="sessionFactory" ref="sessionFactory" />
	</bean>

	<bean id="itemDao"
		class="jpetstore.dao.hibernate.ItemDaoHibernateImpl">
		<property name="sessionFactory" ref="sessionFactory" />
	</bean>

	<bean id="categoryDao"
		class="jpetstore.dao.hibernate.CategoryDaoHibernateImpl">
		<property name="sessionFactory" ref="sessionFactory" />
	</bean>


	<bean id="orderDao"
		class="jpetstore.dao.hibernate.OrderDaoHibernateImpl">
		<property name="sessionFactory" ref="sessionFactory" />
	</bean>

</beans>
