<?xml version="1.0" encoding="UTF-8"?>
<beans xmlns="http://www.springframework.org/schema/beans"
	xmlns:p="http://www.springframework.org/schema/p"
	xmlns:xsi="http://www.w3.org/2001/XMLSchema-instance"
	xmlns:tx="http://www.springframework.org/schema/tx"
	xsi:schemaLocation="http://www.springframework.org/schema/beans http://www.springframework.org/schema/beans/spring-beans-2.0.xsd 
	                    http://www.springframework.org/schema/tx http://www.springframework.org/schema/tx/spring-tx-2.0.xsd
	                    ">
	<bean id="dataSource"
		class="org.springframework.jdbc.datasource.DriverManagerDataSource"
		destroy-method="close">
		<property name="driverClassName" value="com.mysql.jdbc.Driver" />
		<property name="url"
			value="jdbc:mysql://localhost:3306/springdb" />
		<property name="username" value="root" />
		<property name="password" value="springframework" />
	</bean>

	<bean id="sessionFactory"
		class="org.springframework.orm.hibernate3.annotation.AnnotationSessionFactoryBean">
		<property name="dataSource" ref="dataSource" />
		<property name="annotatedClasses">
			<list>
				<value>lab5.ex3.Product</value>
			</list>
		</property>
		<property name="hibernateProperties">
			<value>
				hibernate.dialect=org.hibernate.dialect.MySQLDialect
				hibernate.show_sql=true
			</value>
		</property>
	</bean>

	<bean id="productDao" class="lab5.ex3.ProductDaoHibernateImpl">
		<property name="sessionFactory" ref="sessionFactory" />
	</bean>

	<bean id="txService" class="lab5.ex3.TxProductService">
		<property name="productDao" ref="productDao" />
	</bean>

	
</beans>
