<beans xmlns="http://www.springframework.org/schema/beans"
	xmlns:xsi="http://www.w3.org/2001/XMLSchema-instance"
	xmlns:aop="http://www.springframework.org/schema/aop"
	xmlns:tx="http://www.springframework.org/schema/tx"
	xsi:schemaLocation="
       http://www.springframework.org/schema/beans http://www.springframework.org/schema/beans/spring-beans-2.0.xsd
       http://www.springframework.org/schema/tx http://www.springframework.org/schema/tx/spring-tx-2.0.xsd
       http://www.springframework.org/schema/aop http://www.springframework.org/schema/aop/spring-aop-2.0.xsd">

	
	<bean id="dataSource"
		class="org.springframework.jdbc.datasource.DriverManagerDataSource"
		destroy-method="close">
		<property name="driverClassName" value="com.mysql.jdbc.Driver" />
		<property name="url"
			value="jdbc:mysql://localhost:3306/springdb" />
		<property name="username" value="root" />
		<property name="password" value="springframework" />
	</bean>

	<bean id="productDao" class="lab4.ex3.ProductDaoImpl">
		<property name="dataSource" ref="dataSource" />
		<property name="productRowMapper" ref="productRowMapper" />
	</bean>

	<bean id="productRowMapper" class="lab4.ex3.ProductRowMapper" />

	<bean id="txService" class="lab4.ex3.TxProductService">
		<property name="productDao" ref="productDao" />
	</bean>

	<bean id="txManager"
		class="org.springframework.jdbc.datasource.DataSourceTransactionManager">
		<property name="dataSource" ref="dataSource" />
	</bean>
	
	<!-- add tx config here -->
    
</beans>
